avg_height,stddev_height,ucl,lcl
20.293219999999977,1.0506656135993027,21.702835840177716,18.883604159822237
